file,line,type,commit,author,date,time,timezone,datetime,depth,length
style.css,1,css,9c81ffa4,raffid05,2026-04-03,21:19:48,-07:00,2026-04-03T21:19:48-07:00,0,4
style.css,2,css,9c81ffa4,raffid05,2026-04-03,21:19:48,-07:00,2026-04-03T21:19:48-07:00,1,43
style.css,3,css,9c81ffa4,raffid05,2026-04-03,21:19:48,-07:00,2026-04-03T21:19:48-07:00,0,42
style.css,4,css,9c81ffa4,raffid05,2026-04-03,21:19:48,-07:00,2026-04-03T21:19:48-07:00,0,0
style.css,5,css,9c81ffa4,raffid05,2026-04-03,21:19:48,-07:00,2026-04-03T21:19:48-07:00,1,23
style.css,6,css,fde837b1,raffid05,2026-04-10,22:35:44,-07:00,2026-04-10T22:35:44-07:00,1,15
style.css,7,css,fde837b1,raffid05,2026-04-10,22:35:44,-07:00,2026-04-10T22:35:44-07:00,1,18
style.css,8,css,fde837b1,raffid05,2026-04-10,22:35:44,-07:00,2026-04-10T22:35:44-07:00,1,12
style.css,9,css,fde837b1,raffid05,2026-04-10,22:35:44,-07:00,2026-04-10T22:35:44-07:00,0,0
style.css,10,css,fde837b1,raffid05,2026-04-10,22:35:44,-07:00,2026-04-10T22:35:44-07:00,0,0
style.css,11,css,fde837b1,raffid05,2026-04-10,22:35:44,-07:00,2026-04-10T22:35:44-07:00,0,3
style.css,12,css,fde837b1,raffid05,2026-04-10,22:35:44,-07:00,2026-04-10T22:35:44-07:00,1,12
style.css,13,css,fde837b1,raffid05,2026-04-10,22:35:44,-07:00,2026-04-10T22:35:44-07:00,1,41
style.css,14,css,fde837b1,raffid05,2026-04-10,22:35:44,-07:00,2026-04-10T22:35:44-07:00,1,17
style.css,15,css,fde837b1,raffid05,2026-04-10,22:35:44,-07:00,2026-04-10T22:35:44-07:00,0,0
style.css,16,css,fde837b1,raffid05,2026-04-10,22:35:44,-07:00,2026-04-10T22:35:44-07:00,0,0
style.css,17,css,fde837b1,raffid05,2026-04-10,22:35:44,-07:00,2026-04-10T22:35:44-07:00,0,5
style.css,18,css,fde837b1,raffid05,2026-04-10,22:35:44,-07:00,2026-04-10T22:35:44-07:00,1,6
style.css,19,css,fde837b1,raffid05,2026-04-10,22:35:44,-07:00,2026-04-10T22:35:44-07:00,1,20
style.css,20,css,fde837b1,raffid05,2026-04-10,22:35:44,-07:00,2026-04-10T22:35:44-07:00,1,13
style.css,21,css,fde837b1,raffid05,2026-04-10,22:35:44,-07:00,2026-04-10T22:35:44-07:00,1,17
style.css,22,css,fde837b1,raffid05,2026-04-10,22:35:44,-07:00,2026-04-10T22:35:44-07:00,1,13
style.css,23,css,fde837b1,raffid05,2026-04-10,22:35:44,-07:00,2026-04-10T22:35:44-07:00,0,0
style.css,24,css,fde837b1,raffid05,2026-04-10,22:35:44,-07:00,2026-04-10T22:35:44-07:00,0,0
style.css,25,css,fde837b1,raffid05,2026-04-10,22:35:44,-07:00,2026-04-10T22:35:44-07:00,0,13
style.css,26,css,fde837b1,raffid05,2026-04-10,22:35:44,-07:00,2026-04-10T22:35:44-07:00,1,43
style.css,27,css,fde837b1,raffid05,2026-04-10,22:35:44,-07:00,2026-04-10T22:35:44-07:00,1,20
style.css,28,css,fde837b1,raffid05,2026-04-10,22:35:44,-07:00,2026-04-10T22:35:44-07:00,0,0
style.css,29,css,fde837b1,raffid05,2026-04-10,22:35:44,-07:00,2026-04-10T22:35:44-07:00,0,0
style.css,30,css,fde837b1,raffid05,2026-04-10,22:35:44,-07:00,2026-04-10T22:35:44-07:00,0,23
style.css,31,css,fde837b1,raffid05,2026-04-10,22:35:44,-07:00,2026-04-10T22:35:44-07:00,1,12
style.css,32,css,fde837b1,raffid05,2026-04-10,22:35:44,-07:00,2026-04-10T22:35:44-07:00,0,0
style.css,33,css,fde837b1,raffid05,2026-04-10,22:35:44,-07:00,2026-04-10T22:35:44-07:00,0,0
style.css,34,css,fde837b1,raffid05,2026-04-10,22:35:44,-07:00,2026-04-10T22:35:44-07:00,0,4
style.css,35,css,fde837b1,raffid05,2026-04-10,22:35:44,-07:00,2026-04-10T22:35:44-07:00,1,12
style.css,36,css,fde837b1,raffid05,2026-04-10,22:35:44,-07:00,2026-04-10T22:35:44-07:00,1,30
style.css,37,css,fde837b1,raffid05,2026-04-10,22:35:44,-07:00,2026-04-10T22:35:44-07:00,1,7
style.css,38,css,fde837b1,raffid05,2026-04-10,22:35:44,-07:00,2026-04-10T22:35:44-07:00,0,0
style.css,39,css,fde837b1,raffid05,2026-04-10,22:35:44,-07:00,2026-04-10T22:35:44-07:00,0,0
style.css,40,css,fde837b1,raffid05,2026-04-10,22:35:44,-07:00,2026-04-10T22:35:44-07:00,0,10
style.css,41,css,fde837b1,raffid05,2026-04-10,22:35:44,-07:00,2026-04-10T22:35:44-07:00,1,12
style.css,42,css,fde837b1,raffid05,2026-04-10,22:35:44,-07:00,2026-04-10T22:35:44-07:00,1,29
style.css,43,css,fde837b1,raffid05,2026-04-10,22:35:44,-07:00,2026-04-10T22:35:44-07:00,1,18
style.css,44,css,fde837b1,raffid05,2026-04-10,22:35:44,-07:00,2026-04-10T22:35:44-07:00,0,0
style.css,45,css,fde837b1,raffid05,2026-04-10,22:35:44,-07:00,2026-04-10T22:35:44-07:00,0,0
style.css,46,css,fde837b1,raffid05,2026-04-10,22:35:44,-07:00,2026-04-10T22:35:44-07:00,0,11
style.css,47,css,fde837b1,raffid05,2026-04-10,22:35:44,-07:00,2026-04-10T22:35:44-07:00,1,18
style.css,48,css,fde837b1,raffid05,2026-04-10,22:35:44,-07:00,2026-04-10T22:35:44-07:00,0,0
style.css,49,css,fde837b1,raffid05,2026-04-10,22:35:44,-07:00,2026-04-10T22:35:44-07:00,0,0
style.css,50,css,fde837b1,raffid05,2026-04-10,22:35:44,-07:00,2026-04-10T22:35:44-07:00,0,22
style.css,51,css,fde837b1,raffid05,2026-04-10,22:35:44,-07:00,2026-04-10T22:35:44-07:00,1,15
style.css,52,css,fde837b1,raffid05,2026-04-10,22:35:44,-07:00,2026-04-10T22:35:44-07:00,1,17
style.css,53,css,fde837b1,raffid05,2026-04-10,22:35:44,-07:00,2026-04-10T22:35:44-07:00,0,0
style.css,54,css,fde837b1,raffid05,2026-04-10,22:35:44,-07:00,2026-04-10T22:35:44-07:00,0,0
style.css,55,css,fde837b1,raffid05,2026-04-10,22:35:44,-07:00,2026-04-10T22:35:44-07:00,0,2
style.css,56,css,fde837b1,raffid05,2026-04-10,22:35:44,-07:00,2026-04-10T22:35:44-07:00,1,14
style.css,57,css,fde837b1,raffid05,2026-04-10,22:35:44,-07:00,2026-04-10T22:35:44-07:00,0,0
style.css,58,css,fde837b1,raffid05,2026-04-10,22:35:44,-07:00,2026-04-10T22:35:44-07:00,0,0
style.css,59,css,fde837b1,raffid05,2026-04-10,22:35:44,-07:00,2026-04-10T22:35:44-07:00,0,9
style.css,60,css,fde837b1,raffid05,2026-04-10,22:35:44,-07:00,2026-04-10T22:35:44-07:00,1,12
style.css,61,css,fde837b1,raffid05,2026-04-10,22:35:44,-07:00,2026-04-10T22:35:44-07:00,1,58
style.css,62,css,fde837b1,raffid05,2026-04-10,22:35:44,-07:00,2026-04-10T22:35:44-07:00,1,7
style.css,63,css,fde837b1,raffid05,2026-04-10,22:35:44,-07:00,2026-04-10T22:35:44-07:00,0,0
style.css,64,css,fde837b1,raffid05,2026-04-10,22:35:44,-07:00,2026-04-10T22:35:44-07:00,0,0
style.css,65,css,fde837b1,raffid05,2026-04-10,22:35:44,-07:00,2026-04-10T22:35:44-07:00,0,17
style.css,66,css,fde837b1,raffid05,2026-04-10,22:35:44,-07:00,2026-04-10T22:35:44-07:00,1,12
style.css,67,css,fde837b1,raffid05,2026-04-10,22:35:44,-07:00,2026-04-10T22:35:44-07:00,1,26
style.css,68,css,90576ace,raffid05,2026-04-24,21:37:58,-07:00,2026-04-24T21:37:58-07:00,1,15
style.css,69,css,fde837b1,raffid05,2026-04-10,22:35:44,-07:00,2026-04-10T22:35:44-07:00,0,0
style.css,70,css,fde837b1,raffid05,2026-04-10,22:35:44,-07:00,2026-04-10T22:35:44-07:00,0,0
style.css,71,css,fde837b1,raffid05,2026-04-10,22:35:44,-07:00,2026-04-10T22:35:44-07:00,0,20
style.css,72,css,fde837b1,raffid05,2026-04-10,22:35:44,-07:00,2026-04-10T22:35:44-07:00,1,8
style.css,73,css,fde837b1,raffid05,2026-04-10,22:35:44,-07:00,2026-04-10T22:35:44-07:00,0,0
style.css,74,css,fde837b1,raffid05,2026-04-10,22:35:44,-07:00,2026-04-10T22:35:44-07:00,0,0
style.css,75,css,fde837b1,raffid05,2026-04-10,22:35:44,-07:00,2026-04-10T22:35:44-07:00,0,0
style.css,76,css,fde837b1,raffid05,2026-04-10,22:35:44,-07:00,2026-04-10T22:35:44-07:00,0,7
style.css,77,css,fde837b1,raffid05,2026-04-10,22:35:44,-07:00,2026-04-10T22:35:44-07:00,1,17
style.css,78,css,fde837b1,raffid05,2026-04-10,22:35:44,-07:00,2026-04-10T22:35:44-07:00,1,18
style.css,79,css,fde837b1,raffid05,2026-04-10,22:35:44,-07:00,2026-04-10T22:35:44-07:00,1,41
style.css,80,css,fde837b1,raffid05,2026-04-10,22:35:44,-07:00,2026-04-10T22:35:44-07:00,0,0
style.css,81,css,fde837b1,raffid05,2026-04-10,22:35:44,-07:00,2026-04-10T22:35:44-07:00,0,0
style.css,82,css,fde837b1,raffid05,2026-04-10,22:35:44,-07:00,2026-04-10T22:35:44-07:00,0,10
style.css,83,css,fde837b1,raffid05,2026-04-10,22:35:44,-07:00,2026-04-10T22:35:44-07:00,1,24
style.css,84,css,fde837b1,raffid05,2026-04-10,22:35:44,-07:00,2026-04-10T22:35:44-07:00,1,14
style.css,85,css,fde837b1,raffid05,2026-04-10,22:35:44,-07:00,2026-04-10T22:35:44-07:00,1,19
style.css,86,css,fde837b1,raffid05,2026-04-10,22:35:44,-07:00,2026-04-10T22:35:44-07:00,0,0
style.css,87,css,fde837b1,raffid05,2026-04-10,22:35:44,-07:00,2026-04-10T22:35:44-07:00,0,0
style.css,88,css,fde837b1,raffid05,2026-04-10,22:35:44,-07:00,2026-04-10T22:35:44-07:00,0,14
style.css,89,css,fde837b1,raffid05,2026-04-10,22:35:44,-07:00,2026-04-10T22:35:44-07:00,1,12
style.css,90,css,fde837b1,raffid05,2026-04-10,22:35:44,-07:00,2026-04-10T22:35:44-07:00,1,29
style.css,91,css,fde837b1,raffid05,2026-04-10,22:35:44,-07:00,2026-04-10T22:35:44-07:00,1,20
style.css,92,css,fde837b1,raffid05,2026-04-10,22:35:44,-07:00,2026-04-10T22:35:44-07:00,0,0
style.css,93,css,fde837b1,raffid05,2026-04-10,22:35:44,-07:00,2026-04-10T22:35:44-07:00,0,0
style.css,94,css,fde837b1,raffid05,2026-04-10,22:35:44,-07:00,2026-04-10T22:35:44-07:00,0,10
style.css,95,css,fde837b1,raffid05,2026-04-10,22:35:44,-07:00,2026-04-10T22:35:44-07:00,1,8
style.css,96,css,fde837b1,raffid05,2026-04-10,22:35:44,-07:00,2026-04-10T22:35:44-07:00,0,0
style.css,97,css,fde837b1,raffid05,2026-04-10,22:35:44,-07:00,2026-04-10T22:35:44-07:00,0,0
style.css,98,css,fde837b1,raffid05,2026-04-10,22:35:44,-07:00,2026-04-10T22:35:44-07:00,0,14
style.css,99,css,fde837b1,raffid05,2026-04-10,22:35:44,-07:00,2026-04-10T22:35:44-07:00,1,23
style.css,100,css,fde837b1,raffid05,2026-04-10,22:35:44,-07:00,2026-04-10T22:35:44-07:00,1,13
style.css,101,css,fde837b1,raffid05,2026-04-10,22:35:44,-07:00,2026-04-10T22:35:44-07:00,0,0
style.css,102,css,fde837b1,raffid05,2026-04-10,22:35:44,-07:00,2026-04-10T22:35:44-07:00,0,0
style.css,103,css,fde837b1,raffid05,2026-04-10,22:35:44,-07:00,2026-04-10T22:35:44-07:00,0,10
style.css,104,css,fde837b1,raffid05,2026-04-10,22:35:44,-07:00,2026-04-10T22:35:44-07:00,1,16
style.css,105,css,2ffe06a6,raffid05,2026-04-17,23:19:58,-07:00,2026-04-17T23:19:58-07:00,0,0
style.css,106,css,2ffe06a6,raffid05,2026-04-17,23:19:58,-07:00,2026-04-17T23:19:58-07:00,0,0
style.css,107,css,2ffe06a6,raffid05,2026-04-17,23:19:58,-07:00,2026-04-17T23:19:58-07:00,0,0
style.css,108,css,2ffe06a6,raffid05,2026-04-17,23:19:58,-07:00,2026-04-17T23:19:58-07:00,0,4
style.css,109,css,2ffe06a6,raffid05,2026-04-17,23:19:58,-07:00,2026-04-17T23:19:58-07:00,1,23
style.css,110,css,2ffe06a6,raffid05,2026-04-17,23:19:58,-07:00,2026-04-17T23:19:58-07:00,0,0
style.css,111,css,2ffe06a6,raffid05,2026-04-17,23:19:58,-07:00,2026-04-17T23:19:58-07:00,0,0
style.css,112,css,2ffe06a6,raffid05,2026-04-17,23:19:58,-07:00,2026-04-17T23:19:58-07:00,0,3
style.css,113,css,2ffe06a6,raffid05,2026-04-17,23:19:58,-07:00,2026-04-17T23:19:58-07:00,1,39
style.css,114,css,2ffe06a6,raffid05,2026-04-17,23:19:58,-07:00,2026-04-17T23:19:58-07:00,0,0
style.css,115,css,2ffe06a6,raffid05,2026-04-17,23:19:58,-07:00,2026-04-17T23:19:58-07:00,0,0
style.css,116,css,2ffe06a6,raffid05,2026-04-17,23:19:58,-07:00,2026-04-17T23:19:58-07:00,0,18
style.css,117,css,2ffe06a6,raffid05,2026-04-17,23:19:58,-07:00,2026-04-17T23:19:58-07:00,1,17
style.css,118,css,2ffe06a6,raffid05,2026-04-17,23:19:58,-07:00,2026-04-17T23:19:58-07:00,1,8
style.css,119,css,2ffe06a6,raffid05,2026-04-17,23:19:58,-07:00,2026-04-17T23:19:58-07:00,1,10
style.css,120,css,2ffe06a6,raffid05,2026-04-17,23:19:58,-07:00,2026-04-17T23:19:58-07:00,1,13
style.css,121,css,2ffe06a6,raffid05,2026-04-17,23:19:58,-07:00,2026-04-17T23:19:58-07:00,0,0
style.css,122,css,2ffe06a6,raffid05,2026-04-17,23:19:58,-07:00,2026-04-17T23:19:58-07:00,0,0
style.css,123,css,2ffe06a6,raffid05,2026-04-17,23:19:58,-07:00,2026-04-17T23:19:58-07:00,0,31
style.css,124,css,2ffe06a6,raffid05,2026-04-17,23:19:58,-07:00,2026-04-17T23:19:58-07:00,1,12
style.css,125,css,90576ace,raffid05,2026-04-24,21:37:58,-07:00,2026-04-24T21:37:58-07:00,0,0
style.css,126,css,90576ace,raffid05,2026-04-24,21:37:58,-07:00,2026-04-24T21:37:58-07:00,0,0
style.css,127,css,90576ace,raffid05,2026-04-24,21:37:58,-07:00,2026-04-24T21:37:58-07:00,0,17
style.css,128,css,90576ace,raffid05,2026-04-24,21:37:58,-07:00,2026-04-24T21:37:58-07:00,1,12
style.css,129,css,90576ace,raffid05,2026-04-24,21:37:58,-07:00,2026-04-24T21:37:58-07:00,1,36
style.css,130,css,90576ace,raffid05,2026-04-24,21:37:58,-07:00,2026-04-24T21:37:58-07:00,0,0
style.css,131,css,90576ace,raffid05,2026-04-24,21:37:58,-07:00,2026-04-24T21:37:58-07:00,0,0
style.css,132,css,90576ace,raffid05,2026-04-24,21:37:58,-07:00,2026-04-24T21:37:58-07:00,0,17
style.css,133,css,90576ace,raffid05,2026-04-24,21:37:58,-07:00,2026-04-24T21:37:58-07:00,1,10
style.css,134,css,90576ace,raffid05,2026-04-24,21:37:58,-07:00,2026-04-24T21:37:58-07:00,1,16
style.css,135,css,90576ace,raffid05,2026-04-24,21:37:58,-07:00,2026-04-24T21:37:58-07:00,0,0
style.css,136,css,90576ace,raffid05,2026-04-24,21:37:58,-07:00,2026-04-24T21:37:58-07:00,0,0
style.css,137,css,90576ace,raffid05,2026-04-24,21:37:58,-07:00,2026-04-24T21:37:58-07:00,0,17
style.css,138,css,90576ace,raffid05,2026-04-24,21:37:58,-07:00,2026-04-24T21:37:58-07:00,1,10
style.css,139,css,90576ace,raffid05,2026-04-24,21:37:58,-07:00,2026-04-24T21:37:58-07:00,1,8
style.css,140,css,90576ace,raffid05,2026-04-24,21:37:58,-07:00,2026-04-24T21:37:58-07:00,1,14
style.css,141,css,acbcf184,raffid05,2026-05-01,22:13:24,-07:00,2026-05-01T22:13:24-07:00,0,0
style.css,142,css,acbcf184,raffid05,2026-05-01,22:13:24,-07:00,2026-05-01T22:13:24-07:00,0,0
style.css,143,css,acbcf184,raffid05,2026-05-01,22:13:24,-07:00,2026-05-01T22:13:24-07:00,0,18
style.css,144,css,acbcf184,raffid05,2026-05-01,22:13:24,-07:00,2026-05-01T22:13:24-07:00,1,14
style.css,145,css,acbcf184,raffid05,2026-05-01,22:13:24,-07:00,2026-05-01T22:13:24-07:00,1,16
style.css,146,css,acbcf184,raffid05,2026-05-01,22:13:24,-07:00,2026-05-01T22:13:24-07:00,1,16
style.css,147,css,acbcf184,raffid05,2026-05-01,22:13:24,-07:00,2026-05-01T22:13:24-07:00,0,0
style.css,148,css,acbcf184,raffid05,2026-05-01,22:13:24,-07:00,2026-05-01T22:13:24-07:00,0,0
style.css,149,css,acbcf184,raffid05,2026-05-01,22:13:24,-07:00,2026-05-01T22:13:24-07:00,0,10
style.css,150,css,acbcf184,raffid05,2026-05-01,22:13:24,-07:00,2026-05-01T22:13:24-07:00,1,12
style.css,151,css,acbcf184,raffid05,2026-05-01,22:13:24,-07:00,2026-05-01T22:13:24-07:00,1,18
style.css,152,css,acbcf184,raffid05,2026-05-01,22:13:24,-07:00,2026-05-01T22:13:24-07:00,1,7
style.css,153,css,acbcf184,raffid05,2026-05-01,22:13:24,-07:00,2026-05-01T22:13:24-07:00,0,0
style.css,154,css,acbcf184,raffid05,2026-05-01,22:13:24,-07:00,2026-05-01T22:13:24-07:00,0,0
style.css,155,css,acbcf184,raffid05,2026-05-01,22:13:24,-07:00,2026-05-01T22:13:24-07:00,0,7
style.css,156,css,acbcf184,raffid05,2026-05-01,22:13:24,-07:00,2026-05-01T22:13:24-07:00,1,12
style.css,157,css,acbcf184,raffid05,2026-05-01,22:13:24,-07:00,2026-05-01T22:13:24-07:00,1,57
style.css,158,css,acbcf184,raffid05,2026-05-01,22:13:24,-07:00,2026-05-01T22:13:24-07:00,1,7
style.css,159,css,acbcf184,raffid05,2026-05-01,22:13:24,-07:00,2026-05-01T22:13:24-07:00,1,11
style.css,160,css,acbcf184,raffid05,2026-05-01,22:13:24,-07:00,2026-05-01T22:13:24-07:00,1,12
style.css,161,css,acbcf184,raffid05,2026-05-01,22:13:24,-07:00,2026-05-01T22:13:24-07:00,1,34
style.css,162,css,acbcf184,raffid05,2026-05-01,22:13:24,-07:00,2026-05-01T22:13:24-07:00,1,6
style.css,163,css,acbcf184,raffid05,2026-05-01,22:13:24,-07:00,2026-05-01T22:13:24-07:00,1,15
style.css,164,css,acbcf184,raffid05,2026-05-01,22:13:24,-07:00,2026-05-01T22:13:24-07:00,0,0
style.css,165,css,acbcf184,raffid05,2026-05-01,22:13:24,-07:00,2026-05-01T22:13:24-07:00,0,0
style.css,166,css,acbcf184,raffid05,2026-05-01,22:13:24,-07:00,2026-05-01T22:13:24-07:00,0,12
style.css,167,css,acbcf184,raffid05,2026-05-01,22:13:24,-07:00,2026-05-01T22:13:24-07:00,1,12
style.css,168,css,acbcf184,raffid05,2026-05-01,22:13:24,-07:00,2026-05-01T22:13:24-07:00,1,18
style.css,169,css,acbcf184,raffid05,2026-05-01,22:13:24,-07:00,2026-05-01T22:13:24-07:00,1,9
style.css,170,css,acbcf184,raffid05,2026-05-01,22:13:24,-07:00,2026-05-01T22:13:24-07:00,0,0
style.css,171,css,acbcf184,raffid05,2026-05-01,22:13:24,-07:00,2026-05-01T22:13:24-07:00,0,0
style.css,172,css,acbcf184,raffid05,2026-05-01,22:13:24,-07:00,2026-05-01T22:13:24-07:00,0,7
style.css,173,css,acbcf184,raffid05,2026-05-01,22:13:24,-07:00,2026-05-01T22:13:24-07:00,1,20
style.css,174,css,acbcf184,raffid05,2026-05-01,22:13:24,-07:00,2026-05-01T22:13:24-07:00,1,9
style.css,175,css,acbcf184,raffid05,2026-05-01,22:13:24,-07:00,2026-05-01T22:13:24-07:00,1,18
style.css,176,css,acbcf184,raffid05,2026-05-01,22:13:24,-07:00,2026-05-01T22:13:24-07:00,1,29
style.css,177,css,acbcf184,raffid05,2026-05-01,22:13:24,-07:00,2026-05-01T22:13:24-07:00,1,17
style.css,178,css,acbcf184,raffid05,2026-05-01,22:13:24,-07:00,2026-05-01T22:13:24-07:00,0,0
style.css,179,css,acbcf184,raffid05,2026-05-01,22:13:24,-07:00,2026-05-01T22:13:24-07:00,0,0
style.css,180,css,acbcf184,raffid05,2026-05-01,22:13:24,-07:00,2026-05-01T22:13:24-07:00,0,18
style.css,181,css,acbcf184,raffid05,2026-05-01,22:13:24,-07:00,2026-05-01T22:13:24-07:00,1,14
style.css,182,css,acbcf184,raffid05,2026-05-01,22:13:24,-07:00,2026-05-01T22:13:24-07:00,1,16
style.css,183,css,acbcf184,raffid05,2026-05-01,22:13:24,-07:00,2026-05-01T22:13:24-07:00,1,16
style.css,184,css,acbcf184,raffid05,2026-05-01,22:13:24,-07:00,2026-05-01T22:13:24-07:00,0,0
style.css,185,css,acbcf184,raffid05,2026-05-01,22:13:24,-07:00,2026-05-01T22:13:24-07:00,1,17
style.css,186,css,acbcf184,raffid05,2026-05-01,22:13:24,-07:00,2026-05-01T22:13:24-07:00,2,16
style.css,187,css,acbcf184,raffid05,2026-05-01,22:13:24,-07:00,2026-05-01T22:13:24-07:00,3,11
style.css,188,css,acbcf184,raffid05,2026-05-01,22:13:24,-07:00,2026-05-01T22:13:24-07:00,2,0
style.css,189,css,acbcf184,raffid05,2026-05-01,22:13:24,-07:00,2026-05-01T22:13:24-07:00,1,0
style.css,190,css,acbcf184,raffid05,2026-05-01,22:13:24,-07:00,2026-05-01T22:13:24-07:00,0,0
style.css,191,css,acbcf184,raffid05,2026-05-01,22:13:24,-07:00,2026-05-01T22:13:24-07:00,1,4
style.css,192,css,acbcf184,raffid05,2026-05-01,22:13:24,-07:00,2026-05-01T22:13:24-07:00,2,16
style.css,193,css,acbcf184,raffid05,2026-05-01,22:13:24,-07:00,2026-05-01T22:13:24-07:00,2,14
style.css,194,css,acbcf184,raffid05,2026-05-01,22:13:24,-07:00,2026-05-01T22:13:24-07:00,1,0
style.css,195,css,acbcf184,raffid05,2026-05-01,22:13:24,-07:00,2026-05-01T22:13:24-07:00,0,0
style.css,196,css,acbcf184,raffid05,2026-05-01,22:13:24,-07:00,2026-05-01T22:13:24-07:00,0,0
style.css,197,css,acbcf184,raffid05,2026-05-01,22:13:24,-07:00,2026-05-01T22:13:24-07:00,0,9
style.css,198,css,acbcf184,raffid05,2026-05-01,22:13:24,-07:00,2026-05-01T22:13:24-07:00,1,35
style.css,199,css,acbcf184,raffid05,2026-05-01,22:13:24,-07:00,2026-05-01T22:13:24-07:00,0,0
style.css,200,css,acbcf184,raffid05,2026-05-01,22:13:24,-07:00,2026-05-01T22:13:24-07:00,1,10
style.css,201,css,acbcf184,raffid05,2026-05-01,22:13:24,-07:00,2026-05-01T22:13:24-07:00,2,17
style.css,202,css,acbcf184,raffid05,2026-05-01,22:13:24,-07:00,2026-05-01T22:13:24-07:00,1,0
style.css,203,css,00000000,Not Committed Yet,2026-05-08,22:40:13,-07:00,2026-05-08T22:40:13-07:00,0,0
style.css,204,css,00000000,Not Committed Yet,2026-05-08,22:40:13,-07:00,2026-05-08T22:40:13-07:00,0,0
style.css,205,css,00000000,Not Committed Yet,2026-05-08,22:40:13,-07:00,2026-05-08T22:40:13-07:00,0,34
style.css,206,css,00000000,Not Committed Yet,2026-05-08,22:40:13,-07:00,2026-05-08T22:40:13-07:00,0,8
style.css,207,css,00000000,Not Committed Yet,2026-05-08,22:40:13,-07:00,2026-05-08T22:40:13-07:00,1,12
style.css,208,css,00000000,Not Committed Yet,2026-05-08,22:40:13,-07:00,2026-05-08T22:40:13-07:00,1,30
style.css,209,css,00000000,Not Committed Yet,2026-05-08,22:40:13,-07:00,2026-05-08T22:40:13-07:00,1,14
style.css,210,css,00000000,Not Committed Yet,2026-05-08,22:40:13,-07:00,2026-05-08T22:40:13-07:00,1,18
style.css,211,css,00000000,Not Committed Yet,2026-05-08,22:40:13,-07:00,2026-05-08T22:40:13-07:00,0,0
style.css,212,css,00000000,Not Committed Yet,2026-05-08,22:40:13,-07:00,2026-05-08T22:40:13-07:00,0,0
style.css,213,css,00000000,Not Committed Yet,2026-05-08,22:40:13,-07:00,2026-05-08T22:40:13-07:00,0,11
style.css,214,css,00000000,Not Committed Yet,2026-05-08,22:40:13,-07:00,2026-05-08T22:40:13-07:00,1,15
style.css,215,css,00000000,Not Committed Yet,2026-05-08,22:40:13,-07:00,2026-05-08T22:40:13-07:00,1,24
style.css,216,css,00000000,Not Committed Yet,2026-05-08,22:40:13,-07:00,2026-05-08T22:40:13-07:00,1,13
style.css,217,css,00000000,Not Committed Yet,2026-05-08,22:40:13,-07:00,2026-05-08T22:40:13-07:00,1,24
style.css,218,css,00000000,Not Committed Yet,2026-05-08,22:40:13,-07:00,2026-05-08T22:40:13-07:00,1,21
style.css,219,css,00000000,Not Committed Yet,2026-05-08,22:40:13,-07:00,2026-05-08T22:40:13-07:00,1,17
style.css,220,css,00000000,Not Committed Yet,2026-05-08,22:40:13,-07:00,2026-05-08T22:40:13-07:00,0,0
style.css,221,css,00000000,Not Committed Yet,2026-05-08,22:40:13,-07:00,2026-05-08T22:40:13-07:00,0,0
style.css,222,css,00000000,Not Committed Yet,2026-05-08,22:40:13,-07:00,2026-05-08T22:40:13-07:00,0,11
style.css,223,css,00000000,Not Committed Yet,2026-05-08,22:40:13,-07:00,2026-05-08T22:40:13-07:00,1,8
style.css,224,css,00000000,Not Committed Yet,2026-05-08,22:40:13,-07:00,2026-05-08T22:40:13-07:00,1,14
style.css,225,css,00000000,Not Committed Yet,2026-05-08,22:40:13,-07:00,2026-05-08T22:40:13-07:00,1,33
style.css,226,css,00000000,Not Committed Yet,2026-05-08,22:40:13,-07:00,2026-05-08T22:40:13-07:00,0,0
style.css,227,css,00000000,Not Committed Yet,2026-05-08,22:40:13,-07:00,2026-05-08T22:40:13-07:00,0,0
style.css,228,css,00000000,Not Committed Yet,2026-05-08,22:40:13,-07:00,2026-05-08T22:40:13-07:00,0,17
style.css,229,css,00000000,Not Committed Yet,2026-05-08,22:40:13,-07:00,2026-05-08T22:40:13-07:00,0,7
style.css,230,css,00000000,Not Committed Yet,2026-05-08,22:40:13,-07:00,2026-05-08T22:40:13-07:00,1,12
style.css,231,css,00000000,Not Committed Yet,2026-05-08,22:40:13,-07:00,2026-05-08T22:40:13-07:00,1,30
style.css,232,css,00000000,Not Committed Yet,2026-05-08,22:40:13,-07:00,2026-05-08T22:40:13-07:00,1,15
style.css,233,css,00000000,Not Committed Yet,2026-05-08,22:40:13,-07:00,2026-05-08T22:40:13-07:00,1,8
style.css,234,css,00000000,Not Committed Yet,2026-05-08,22:40:13,-07:00,2026-05-08T22:40:13-07:00,1,25
style.css,235,css,00000000,Not Committed Yet,2026-05-08,22:40:13,-07:00,2026-05-08T22:40:13-07:00,1,39
style.css,236,css,00000000,Not Committed Yet,2026-05-08,22:40:13,-07:00,2026-05-08T22:40:13-07:00,0,0
style.css,237,css,00000000,Not Committed Yet,2026-05-08,22:40:13,-07:00,2026-05-08T22:40:13-07:00,0,0
style.css,238,css,00000000,Not Committed Yet,2026-05-08,22:40:13,-07:00,2026-05-08T22:40:13-07:00,0,10
style.css,239,css,00000000,Not Committed Yet,2026-05-08,22:40:13,-07:00,2026-05-08T22:40:13-07:00,1,15
style.css,240,css,00000000,Not Committed Yet,2026-05-08,22:40:13,-07:00,2026-05-08T22:40:13-07:00,1,13
style.css,241,css,00000000,Not Committed Yet,2026-05-08,22:40:13,-07:00,2026-05-08T22:40:13-07:00,1,24
style.css,242,css,00000000,Not Committed Yet,2026-05-08,22:40:13,-07:00,2026-05-08T22:40:13-07:00,1,21
style.css,243,css,00000000,Not Committed Yet,2026-05-08,22:40:13,-07:00,2026-05-08T22:40:13-07:00,1,23
style.css,244,css,00000000,Not Committed Yet,2026-05-08,22:40:13,-07:00,2026-05-08T22:40:13-07:00,1,17
style.css,245,css,00000000,Not Committed Yet,2026-05-08,22:40:13,-07:00,2026-05-08T22:40:13-07:00,0,0
style.css,246,css,00000000,Not Committed Yet,2026-05-08,22:40:13,-07:00,2026-05-08T22:40:13-07:00,0,0
style.css,247,css,00000000,Not Committed Yet,2026-05-08,22:40:13,-07:00,2026-05-08T22:40:13-07:00,0,10
style.css,248,css,00000000,Not Committed Yet,2026-05-08,22:40:13,-07:00,2026-05-08T22:40:13-07:00,1,8
style.css,249,css,00000000,Not Committed Yet,2026-05-08,22:40:13,-07:00,2026-05-08T22:40:13-07:00,1,13
style.css,250,css,00000000,Not Committed Yet,2026-05-08,22:40:13,-07:00,2026-05-08T22:40:13-07:00,0,0
style.css,251,css,00000000,Not Committed Yet,2026-05-08,22:40:13,-07:00,2026-05-08T22:40:13-07:00,0,0
style.css,252,css,00000000,Not Committed Yet,2026-05-08,22:40:13,-07:00,2026-05-08T22:40:13-07:00,0,42
style.css,253,css,00000000,Not Committed Yet,2026-05-08,22:40:13,-07:00,2026-05-08T22:40:13-07:00,1,9
style.css,254,css,00000000,Not Committed Yet,2026-05-08,22:40:13,-07:00,2026-05-08T22:40:13-07:00,1,17
style.css,255,css,00000000,Not Committed Yet,2026-05-08,22:40:13,-07:00,2026-05-08T22:40:13-07:00,0,0
style.css,256,css,00000000,Not Committed Yet,2026-05-08,22:40:13,-07:00,2026-05-08T22:40:13-07:00,0,0
style.css,257,css,00000000,Not Committed Yet,2026-05-08,22:40:13,-07:00,2026-05-08T22:40:13-07:00,0,8
style.css,258,css,00000000,Not Committed Yet,2026-05-08,22:40:13,-07:00,2026-05-08T22:40:13-07:00,1,14
style.css,259,css,00000000,Not Committed Yet,2026-05-08,22:40:13,-07:00,2026-05-08T22:40:13-07:00,1,35
style.css,260,css,00000000,Not Committed Yet,2026-05-08,22:40:13,-07:00,2026-05-08T22:40:13-07:00,1,23
style.css,261,css,00000000,Not Committed Yet,2026-05-08,22:40:13,-07:00,2026-05-08T22:40:13-07:00,1,25
style.css,262,css,00000000,Not Committed Yet,2026-05-08,22:40:13,-07:00,2026-05-08T22:40:13-07:00,1,43
style.css,263,css,00000000,Not Committed Yet,2026-05-08,22:40:13,-07:00,2026-05-08T22:40:13-07:00,1,19
style.css,264,css,00000000,Not Committed Yet,2026-05-08,22:40:13,-07:00,2026-05-08T22:40:13-07:00,1,18
style.css,265,css,00000000,Not Committed Yet,2026-05-08,22:40:13,-07:00,2026-05-08T22:40:13-07:00,1,19
style.css,266,css,00000000,Not Committed Yet,2026-05-08,22:40:13,-07:00,2026-05-08T22:40:13-07:00,1,11
style.css,267,css,00000000,Not Committed Yet,2026-05-08,22:40:13,-07:00,2026-05-08T22:40:13-07:00,1,14
style.css,268,css,00000000,Not Committed Yet,2026-05-08,22:40:13,-07:00,2026-05-08T22:40:13-07:00,1,40
style.css,269,css,00000000,Not Committed Yet,2026-05-08,22:40:13,-07:00,2026-05-08T22:40:13-07:00,0,0
style.css,270,css,00000000,Not Committed Yet,2026-05-08,22:40:13,-07:00,2026-05-08T22:40:13-07:00,0,0
style.css,271,css,00000000,Not Committed Yet,2026-05-08,22:40:13,-07:00,2026-05-08T22:40:13-07:00,0,30
style.css,272,css,00000000,Not Committed Yet,2026-05-08,22:40:13,-07:00,2026-05-08T22:40:13-07:00,0,6
style.css,273,css,00000000,Not Committed Yet,2026-05-08,22:40:13,-07:00,2026-05-08T22:40:13-07:00,1,16
style.css,274,css,00000000,Not Committed Yet,2026-05-08,22:40:13,-07:00,2026-05-08T22:40:13-07:00,1,23
style.css,275,css,00000000,Not Committed Yet,2026-05-08,22:40:13,-07:00,2026-05-08T22:40:13-07:00,1,22
style.css,276,css,00000000,Not Committed Yet,2026-05-08,22:40:13,-07:00,2026-05-08T22:40:13-07:00,0,0
style.css,277,css,00000000,Not Committed Yet,2026-05-08,22:40:13,-07:00,2026-05-08T22:40:13-07:00,0,0
style.css,278,css,00000000,Not Committed Yet,2026-05-08,22:40:13,-07:00,2026-05-08T22:40:13-07:00,0,12
style.css,279,css,00000000,Not Committed Yet,2026-05-08,22:40:13,-07:00,2026-05-08T22:40:13-07:00,1,20
style.css,280,css,00000000,Not Committed Yet,2026-05-08,22:40:13,-07:00,2026-05-08T22:40:13-07:00,0,0
style.css,281,css,00000000,Not Committed Yet,2026-05-08,22:40:13,-07:00,2026-05-08T22:40:13-07:00,0,0
style.css,282,css,00000000,Not Committed Yet,2026-05-08,22:40:13,-07:00,2026-05-08T22:40:13-07:00,0,15
style.css,283,css,00000000,Not Committed Yet,2026-05-08,22:40:13,-07:00,2026-05-08T22:40:13-07:00,1,12
style.css,284,css,00000000,Not Committed Yet,2026-05-08,22:40:13,-07:00,2026-05-08T22:40:13-07:00,0,0
style.css,285,css,00000000,Not Committed Yet,2026-05-08,22:40:13,-07:00,2026-05-08T22:40:13-07:00,0,0
style.css,286,css,00000000,Not Committed Yet,2026-05-08,22:40:13,-07:00,2026-05-08T22:40:13-07:00,0,19
style.css,287,css,00000000,Not Committed Yet,2026-05-08,22:40:13,-07:00,2026-05-08T22:40:13-07:00,0,15
style.css,288,css,00000000,Not Committed Yet,2026-05-08,22:40:13,-07:00,2026-05-08T22:40:13-07:00,1,24
style.css,289,css,00000000,Not Committed Yet,2026-05-08,22:40:13,-07:00,2026-05-08T22:40:13-07:00,1,18
style.css,290,css,00000000,Not Committed Yet,2026-05-08,22:40:13,-07:00,2026-05-08T22:40:13-07:00,0,0
style.css,291,css,00000000,Not Committed Yet,2026-05-08,22:40:13,-07:00,2026-05-08T22:40:13-07:00,0,0
style.css,292,css,00000000,Not Committed Yet,2026-05-08,22:40:13,-07:00,2026-05-08T22:40:13-07:00,0,15
style.css,293,css,00000000,Not Committed Yet,2026-05-08,22:40:13,-07:00,2026-05-08T22:40:13-07:00,1,12
style.css,294,css,00000000,Not Committed Yet,2026-05-08,22:40:13,-07:00,2026-05-08T22:40:13-07:00,0,0
style.css,295,css,00000000,Not Committed Yet,2026-05-08,22:40:13,-07:00,2026-05-08T22:40:13-07:00,0,0
style.css,296,css,00000000,Not Committed Yet,2026-05-08,22:40:13,-07:00,2026-05-08T22:40:13-07:00,0,41
style.css,297,css,00000000,Not Committed Yet,2026-05-08,22:40:13,-07:00,2026-05-08T22:40:13-07:00,0,24
style.css,298,css,00000000,Not Committed Yet,2026-05-08,22:40:13,-07:00,2026-05-08T22:40:13-07:00,1,2
style.css,299,css,00000000,Not Committed Yet,2026-05-08,22:40:13,-07:00,2026-05-08T22:40:13-07:00,2,20
style.css,300,css,00000000,Not Committed Yet,2026-05-08,22:40:13,-07:00,2026-05-08T22:40:13-07:00,1,0
style.css,301,css,00000000,Not Committed Yet,2026-05-08,22:40:13,-07:00,2026-05-08T22:40:13-07:00,0,0
style.css,302,css,00000000,Not Committed Yet,2026-05-08,22:40:13,-07:00,2026-05-08T22:40:13-07:00,0,0
style.css,303,css,00000000,Not Committed Yet,2026-05-08,22:40:13,-07:00,2026-05-08T22:40:13-07:00,0,10
style.css,304,css,00000000,Not Committed Yet,2026-05-08,22:40:13,-07:00,2026-05-08T22:40:13-07:00,1,16
style.css,305,css,00000000,Not Committed Yet,2026-05-08,22:40:13,-07:00,2026-05-08T22:40:13-07:00,1,12
style.css,306,css,00000000,Not Committed Yet,2026-05-08,22:40:13,-07:00,2026-05-08T22:40:13-07:00,1,18
style.css,307,css,00000000,Not Committed Yet,2026-05-08,22:40:13,-07:00,2026-05-08T22:40:13-07:00,1,20
style.css,308,css,00000000,Not Committed Yet,2026-05-08,22:40:13,-07:00,2026-05-08T22:40:13-07:00,1,42
style.css,309,css,00000000,Not Committed Yet,2026-05-08,22:40:13,-07:00,2026-05-08T22:40:13-07:00,0,0
style.css,310,css,00000000,Not Committed Yet,2026-05-08,22:40:13,-07:00,2026-05-08T22:40:13-07:00,0,0
style.css,311,css,00000000,Not Committed Yet,2026-05-08,22:40:13,-07:00,2026-05-08T22:40:13-07:00,0,16
style.css,312,css,00000000,Not Committed Yet,2026-05-08,22:40:13,-07:00,2026-05-08T22:40:13-07:00,1,15
style.css,313,css,00000000,Not Committed Yet,2026-05-08,22:40:13,-07:00,2026-05-08T22:40:13-07:00,1,24
style.css,314,css,00000000,Not Committed Yet,2026-05-08,22:40:13,-07:00,2026-05-08T22:40:13-07:00,1,18
style.css,315,css,9c81ffa4,raffid05,2026-04-03,21:19:48,-07:00,2026-04-03T21:19:48-07:00,0,0
index.js,1,js,90576ace,raffid05,2026-04-24,21:37:58,-07:00,2026-04-24T21:37:58-07:00,0,70
index.js,2,js,90576ace,raffid05,2026-04-24,21:37:58,-07:00,2026-04-24T21:37:58-07:00,0,0
index.js,3,js,90576ace,raffid05,2026-04-24,21:37:58,-07:00,2026-04-24T21:37:58-07:00,0,54
index.js,4,js,90576ace,raffid05,2026-04-24,21:37:58,-07:00,2026-04-24T21:37:58-07:00,0,42
index.js,5,js,90576ace,raffid05,2026-04-24,21:37:58,-07:00,2026-04-24T21:37:58-07:00,0,0
index.js,6,js,90576ace,raffid05,2026-04-24,21:37:58,-07:00,2026-04-24T21:37:58-07:00,0,60
index.js,7,js,90576ace,raffid05,2026-04-24,21:37:58,-07:00,2026-04-24T21:37:58-07:00,0,54
index.js,8,js,90576ace,raffid05,2026-04-24,21:37:58,-07:00,2026-04-24T21:37:58-07:00,0,0
index.js,9,js,90576ace,raffid05,2026-04-24,21:37:58,-07:00,2026-04-24T21:37:58-07:00,0,53
index.js,10,js,90576ace,raffid05,2026-04-24,21:37:58,-07:00,2026-04-24T21:37:58-07:00,0,0
index.js,11,js,90576ace,raffid05,2026-04-24,21:37:58,-07:00,2026-04-24T21:37:58-07:00,0,60
index.js,12,js,90576ace,raffid05,2026-04-24,21:37:58,-07:00,2026-04-24T21:37:58-07:00,0,17
index.js,13,js,90576ace,raffid05,2026-04-24,21:37:58,-07:00,2026-04-24T21:37:58-07:00,1,24
index.js,14,js,90576ace,raffid05,2026-04-24,21:37:58,-07:00,2026-04-24T21:37:58-07:00,2,2
index.js,15,js,90576ace,raffid05,2026-04-24,21:37:58,-07:00,2026-04-24T21:37:58-07:00,3,54
index.js,16,js,90576ace,raffid05,2026-04-24,21:37:58,-07:00,2026-04-24T21:37:58-07:00,3,54
index.js,17,js,90576ace,raffid05,2026-04-24,21:37:58,-07:00,2026-04-24T21:37:58-07:00,3,48
index.js,18,js,90576ace,raffid05,2026-04-24,21:37:58,-07:00,2026-04-24T21:37:58-07:00,3,48
index.js,19,js,90576ace,raffid05,2026-04-24,21:37:58,-07:00,2026-04-24T21:37:58-07:00,2,3
index.js,20,js,90576ace,raffid05,2026-04-24,21:37:58,-07:00,2026-04-24T21:37:58-07:00,1,0
index.js,21,js,90576ace,raffid05,2026-04-24,21:37:58,-07:00,2026-04-24T21:37:58-07:00,0,0
index.html,1,html,715a937,raffid05,2026-04-03,17:15:23,-07:00,2026-04-03T17:15:23-07:00,0,13
index.html,2,html,715a937,raffid05,2026-04-03,17:15:23,-07:00,2026-04-03T17:15:23-07:00,0,14
index.html,3,html,715a937,raffid05,2026-04-03,17:15:23,-07:00,2026-04-03T17:15:23-07:00,0,4
index.html,4,html,715a937,raffid05,2026-04-03,17:15:23,-07:00,2026-04-03T17:15:23-07:00,2,20
index.html,5,html,715a937,raffid05,2026-04-03,17:15:23,-07:00,2026-04-03T17:15:23-07:00,2,68
index.html,6,html,9c81ffa4,raffid05,2026-04-03,21:19:48,-07:00,2026-04-03T21:19:48-07:00,2,38
index.html,7,html,90576ace,raffid05,2026-04-24,21:37:58,-07:00,2026-04-24T21:37:58-07:00,2,44
index.html,8,html,715a937,raffid05,2026-04-03,17:15:23,-07:00,2026-04-03T17:15:23-07:00,2,57
index.html,9,html,715a937,raffid05,2026-04-03,17:15:23,-07:00,2026-04-03T17:15:23-07:00,0,5
index.html,10,html,715a937,raffid05,2026-04-03,17:15:23,-07:00,2026-04-03T17:15:23-07:00,0,4
index.html,11,html,2ffe06a6,raffid05,2026-04-17,23:19:58,-07:00,2026-04-17T23:19:58-07:00,1,0
index.html,12,html,715a937,raffid05,2026-04-03,17:15:23,-07:00,2026-04-03T17:15:23-07:00,2,22
index.html,13,html,715a937,raffid05,2026-04-03,17:15:23,-07:00,2026-04-03T17:15:23-07:00,2,57
index.html,14,html,9c81ffa4,raffid05,2026-04-03,21:19:48,-07:00,2026-04-03T21:19:48-07:00,2,53
index.html,15,html,90576ace,raffid05,2026-04-24,21:37:58,-07:00,2026-04-24T21:37:58-07:00,0,0
index.html,16,html,90576ace,raffid05,2026-04-24,21:37:58,-07:00,2026-04-24T21:37:58-07:00,2,22
index.html,17,html,90576ace,raffid05,2026-04-24,21:37:58,-07:00,2026-04-24T21:37:58-07:00,2,22
index.html,18,html,90576ace,raffid05,2026-04-24,21:37:58,-07:00,2026-04-24T21:37:58-07:00,2,4
index.html,19,html,90576ace,raffid05,2026-04-24,21:37:58,-07:00,2026-04-24T21:37:58-07:00,0,0
index.html,20,html,90576ace,raffid05,2026-04-24,21:37:58,-07:00,2026-04-24T21:37:58-07:00,2,22
index.html,21,html,90576ace,raffid05,2026-04-24,21:37:58,-07:00,2026-04-24T21:37:58-07:00,2,26
index.html,22,html,90576ace,raffid05,2026-04-24,21:37:58,-07:00,2026-04-24T21:37:58-07:00,0,0
index.html,23,html,715a937,raffid05,2026-04-03,17:15:23,-07:00,2026-04-03T17:15:23-07:00,0,5
index.html,24,html,715a937,raffid05,2026-04-03,17:15:23,-07:00,2026-04-03T17:15:23-07:00,0,5
global.js,1,js,f768bee5,raffid05,2026-04-24,21:44:20,-07:00,2026-04-24T21:44:20-07:00,0,25
global.js,2,js,2ffe06a6,raffid05,2026-04-17,23:19:58,-07:00,2026-04-17T23:19:58-07:00,0,0
global.js,3,js,ab2e66d5,raffid05,2026-04-24,21:47:47,-07:00,2026-04-24T21:47:47-07:00,0,48
global.js,4,js,2ffe06a6,raffid05,2026-04-17,23:19:58,-07:00,2026-04-17T23:19:58-07:00,1,52
global.js,5,js,2ffe06a6,raffid05,2026-04-17,23:19:58,-07:00,2026-04-17T23:19:58-07:00,0,0
global.js,6,js,2ffe06a6,raffid05,2026-04-17,23:19:58,-07:00,2026-04-17T23:19:58-07:00,0,0
global.js,7,js,2ffe06a6,raffid05,2026-04-17,23:19:58,-07:00,2026-04-17T23:19:58-07:00,0,88
global.js,8,js,2ffe06a6,raffid05,2026-04-17,23:19:58,-07:00,2026-04-17T23:19:58-07:00,1,3
global.js,9,js,2ffe06a6,raffid05,2026-04-17,23:19:58,-07:00,2026-04-17T23:19:58-07:00,1,14
global.js,10,js,2ffe06a6,raffid05,2026-04-17,23:19:58,-07:00,2026-04-17T23:19:58-07:00,0,0
global.js,11,js,2ffe06a6,raffid05,2026-04-17,23:19:58,-07:00,2026-04-17T23:19:58-07:00,0,11
global.js,12,js,2ffe06a6,raffid05,2026-04-17,23:19:58,-07:00,2026-04-17T23:19:58-07:00,1,35
global.js,13,js,2ffe06a6,raffid05,2026-04-17,23:19:58,-07:00,2026-04-17T23:19:58-07:00,1,38
global.js,14,js,2ffe06a6,raffid05,2026-04-17,23:19:58,-07:00,2026-04-17T23:19:58-07:00,1,36
global.js,15,js,2ffe06a6,raffid05,2026-04-17,23:19:58,-07:00,2026-04-17T23:19:58-07:00,1,34
global.js,16,js,00000000,Not Committed Yet,2026-05-08,22:40:13,-07:00,2026-05-08T22:40:13-07:00,1,30
global.js,17,js,2ffe06a6,raffid05,2026-04-17,23:19:58,-07:00,2026-04-17T23:19:58-07:00,1,56
global.js,18,js,2ffe06a6,raffid05,2026-04-17,23:19:58,-07:00,2026-04-17T23:19:58-07:00,0,0
global.js,19,js,2ffe06a6,raffid05,2026-04-17,23:19:58,-07:00,2026-04-17T23:19:58-07:00,0,0
global.js,20,js,2ffe06a6,raffid05,2026-04-17,23:19:58,-07:00,2026-04-17T23:19:58-07:00,0,38
global.js,21,js,2ffe06a6,raffid05,2026-04-17,23:19:58,-07:00,2026-04-17T23:19:58-07:00,0,25
global.js,22,js,2ffe06a6,raffid05,2026-04-17,23:19:58,-07:00,2026-04-17T23:19:58-07:00,0,0
global.js,23,js,2ffe06a6,raffid05,2026-04-17,23:19:58,-07:00,2026-04-17T23:19:58-07:00,0,20
global.js,24,js,2ffe06a6,raffid05,2026-04-17,23:19:58,-07:00,2026-04-17T23:19:58-07:00,1,14
global.js,25,js,2ffe06a6,raffid05,2026-04-17,23:19:58,-07:00,2026-04-17T23:19:58-07:00,1,18
global.js,26,js,2ffe06a6,raffid05,2026-04-17,23:19:58,-07:00,2026-04-17T23:19:58-07:00,0,0
global.js,27,js,2ffe06a6,raffid05,2026-04-17,23:19:58,-07:00,2026-04-17T23:19:58-07:00,1,52
global.js,28,js,2ffe06a6,raffid05,2026-04-17,23:19:58,-07:00,2026-04-17T23:19:58-07:00,0,0
global.js,29,js,2ffe06a6,raffid05,2026-04-17,23:19:58,-07:00,2026-04-17T23:19:58-07:00,1,34
global.js,30,js,2ffe06a6,raffid05,2026-04-17,23:19:58,-07:00,2026-04-17T23:19:58-07:00,1,11
global.js,31,js,2ffe06a6,raffid05,2026-04-17,23:19:58,-07:00,2026-04-17T23:19:58-07:00,1,20
global.js,32,js,2ffe06a6,raffid05,2026-04-17,23:19:58,-07:00,2026-04-17T23:19:58-07:00,1,12
global.js,33,js,2ffe06a6,raffid05,2026-04-17,23:19:58,-07:00,2026-04-17T23:19:58-07:00,0,0
global.js,34,js,2ffe06a6,raffid05,2026-04-17,23:19:58,-07:00,2026-04-17T23:19:58-07:00,1,17
global.js,35,js,2ffe06a6,raffid05,2026-04-17,23:19:58,-07:00,2026-04-17T23:19:58-07:00,2,8
global.js,36,js,2ffe06a6,raffid05,2026-04-17,23:19:58,-07:00,2026-04-17T23:19:58-07:00,2,59
global.js,37,js,2ffe06a6,raffid05,2026-04-17,23:19:58,-07:00,2026-04-17T23:19:58-07:00,1,0
global.js,38,js,2ffe06a6,raffid05,2026-04-17,23:19:58,-07:00,2026-04-17T23:19:58-07:00,0,0
global.js,39,js,2ffe06a6,raffid05,2026-04-17,23:19:58,-07:00,2026-04-17T23:19:58-07:00,1,29
global.js,40,js,2ffe06a6,raffid05,2026-04-17,23:19:58,-07:00,2026-04-17T23:19:58-07:00,2,18
global.js,41,js,2ffe06a6,raffid05,2026-04-17,23:19:58,-07:00,2026-04-17T23:19:58-07:00,1,0
global.js,42,js,2ffe06a6,raffid05,2026-04-17,23:19:58,-07:00,2026-04-17T23:19:58-07:00,0,0
global.js,43,js,2ffe06a6,raffid05,2026-04-17,23:19:58,-07:00,2026-04-17T23:19:58-07:00,0,0
global.js,44,js,2ffe06a6,raffid05,2026-04-17,23:19:58,-07:00,2026-04-17T23:19:58-07:00,0,31
global.js,45,js,2ffe06a6,raffid05,2026-04-17,23:19:58,-07:00,2026-04-17T23:19:58-07:00,1,11
global.js,46,js,2ffe06a6,raffid05,2026-04-17,23:19:58,-07:00,2026-04-17T23:19:58-07:00,1,0
global.js,47,js,2ffe06a6,raffid05,2026-04-17,23:19:58,-07:00,2026-04-17T23:19:58-07:00,1,26
global.js,48,js,2ffe06a6,raffid05,2026-04-17,23:19:58,-07:00,2026-04-17T23:19:58-07:00,2,4
global.js,49,js,2ffe06a6,raffid05,2026-04-17,23:19:58,-07:00,2026-04-17T23:19:58-07:00,2,6
global.js,50,js,2ffe06a6,raffid05,2026-04-17,23:19:58,-07:00,2026-04-17T23:19:58-07:00,3,43
global.js,51,js,2ffe06a6,raffid05,2026-04-17,23:19:58,-07:00,2026-04-17T23:19:58-07:00,3,34
global.js,52,js,2ffe06a6,raffid05,2026-04-17,23:19:58,-07:00,2026-04-17T23:19:58-07:00,3,32
global.js,53,js,2ffe06a6,raffid05,2026-04-17,23:19:58,-07:00,2026-04-17T23:19:58-07:00,2,7
global.js,54,js,2ffe06a6,raffid05,2026-04-17,23:19:58,-07:00,2026-04-17T23:19:58-07:00,1,8
global.js,55,js,2ffe06a6,raffid05,2026-04-17,23:19:58,-07:00,2026-04-17T23:19:58-07:00,0,0
global.js,56,js,2ffe06a6,raffid05,2026-04-17,23:19:58,-07:00,2026-04-17T23:19:58-07:00,0,0
global.js,57,js,2ffe06a6,raffid05,2026-04-17,23:19:58,-07:00,2026-04-17T23:19:58-07:00,0,58
global.js,58,js,2ffe06a6,raffid05,2026-04-17,23:19:58,-07:00,2026-04-17T23:19:58-07:00,0,0
global.js,59,js,2ffe06a6,raffid05,2026-04-17,23:19:58,-07:00,2026-04-17T23:19:58-07:00,0,34
global.js,60,js,2ffe06a6,raffid05,2026-04-17,23:19:58,-07:00,2026-04-17T23:19:58-07:00,1,83
global.js,61,js,2ffe06a6,raffid05,2026-04-17,23:19:58,-07:00,2026-04-17T23:19:58-07:00,1,38
global.js,62,js,2ffe06a6,raffid05,2026-04-17,23:19:58,-07:00,2026-04-17T23:19:58-07:00,0,0
global.js,63,js,2ffe06a6,raffid05,2026-04-17,23:19:58,-07:00,2026-04-17T23:19:58-07:00,0,0
global.js,64,js,2ffe06a6,raffid05,2026-04-17,23:19:58,-07:00,2026-04-17T23:19:58-07:00,0,49
global.js,65,js,2ffe06a6,raffid05,2026-04-17,23:19:58,-07:00,2026-04-17T23:19:58-07:00,1,77
global.js,66,js,2ffe06a6,raffid05,2026-04-17,23:19:58,-07:00,2026-04-17T23:19:58-07:00,1,44
global.js,67,js,90576ace,raffid05,2026-04-24,21:37:58,-07:00,2026-04-24T21:37:58-07:00,0,1
global.js,68,js,90576ace,raffid05,2026-04-24,21:37:58,-07:00,2026-04-24T21:37:58-07:00,0,0
global.js,69,js,90576ace,raffid05,2026-04-24,21:37:58,-07:00,2026-04-24T21:37:58-07:00,0,0
global.js,70,js,90576ace,raffid05,2026-04-24,21:37:58,-07:00,2026-04-24T21:37:58-07:00,0,36
global.js,71,js,90576ace,raffid05,2026-04-24,21:37:58,-07:00,2026-04-24T21:37:58-07:00,1,3
global.js,72,js,90576ace,raffid05,2026-04-24,21:37:58,-07:00,2026-04-24T21:37:58-07:00,2,32
global.js,73,js,90576ace,raffid05,2026-04-24,21:37:58,-07:00,2026-04-24T21:37:58-07:00,2,17
global.js,74,js,90576ace,raffid05,2026-04-24,21:37:58,-07:00,2026-04-24T21:37:58-07:00,3,66
global.js,75,js,90576ace,raffid05,2026-04-24,21:37:58,-07:00,2026-04-24T21:37:58-07:00,2,0
global.js,76,js,90576ace,raffid05,2026-04-24,21:37:58,-07:00,2026-04-24T21:37:58-07:00,2,33
global.js,77,js,90576ace,raffid05,2026-04-24,21:37:58,-07:00,2026-04-24T21:37:58-07:00,2,10
global.js,78,js,90576ace,raffid05,2026-04-24,21:37:58,-07:00,2026-04-24T21:37:58-07:00,1,15
global.js,79,js,90576ace,raffid05,2026-04-24,21:37:58,-07:00,2026-04-24T21:37:58-07:00,2,59
global.js,80,js,90576ace,raffid05,2026-04-24,21:37:58,-07:00,2026-04-24T21:37:58-07:00,1,0
global.js,81,js,90576ace,raffid05,2026-04-24,21:37:58,-07:00,2026-04-24T21:37:58-07:00,0,0
global.js,82,js,90576ace,raffid05,2026-04-24,21:37:58,-07:00,2026-04-24T21:37:58-07:00,0,0
global.js,83,js,90576ace,raffid05,2026-04-24,21:37:58,-07:00,2026-04-24T21:37:58-07:00,0,79
global.js,84,js,90576ace,raffid05,2026-04-24,21:37:58,-07:00,2026-04-24T21:37:58-07:00,1,30
global.js,85,js,90576ace,raffid05,2026-04-24,21:37:58,-07:00,2026-04-24T21:37:58-07:00,1,29
global.js,86,js,90576ace,raffid05,2026-04-24,21:37:58,-07:00,2026-04-24T21:37:58-07:00,2,48
global.js,87,js,90576ace,raffid05,2026-04-24,21:37:58,-07:00,2026-04-24T21:37:58-07:00,2,19
global.js,88,js,90576ace,raffid05,2026-04-24,21:37:58,-07:00,2026-04-24T21:37:58-07:00,3,49
global.js,89,js,90576ace,raffid05,2026-04-24,21:37:58,-07:00,2026-04-24T21:37:58-07:00,3,49
global.js,90,js,90576ace,raffid05,2026-04-24,21:37:58,-07:00,2026-04-24T21:37:58-07:00,3,20
global.js,91,js,90576ace,raffid05,2026-04-24,21:37:58,-07:00,2026-04-24T21:37:58-07:00,3,27
global.js,92,js,90576ace,raffid05,2026-04-24,21:37:58,-07:00,2026-04-24T21:37:58-07:00,2,0
global.js,93,js,90576ace,raffid05,2026-04-24,21:37:58,-07:00,2026-04-24T21:37:58-07:00,2,36
global.js,94,js,90576ace,raffid05,2026-04-24,21:37:58,-07:00,2026-04-24T21:37:58-07:00,1,0
global.js,95,js,90576ace,raffid05,2026-04-24,21:37:58,-07:00,2026-04-24T21:37:58-07:00,0,0
global.js,96,js,90576ace,raffid05,2026-04-24,21:37:58,-07:00,2026-04-24T21:37:58-07:00,0,0
global.js,97,js,90576ace,raffid05,2026-04-24,21:37:58,-07:00,2026-04-24T21:37:58-07:00,0,47
global.js,98,js,90576ace,raffid05,2026-04-24,21:37:58,-07:00,2026-04-24T21:37:58-07:00,1,59
global.js,99,js,90576ace,raffid05,2026-04-24,21:37:58,-07:00,2026-04-24T21:37:58-07:00,0,0
resume\index.html,1,html,9c81ffa4,raffid05,2026-04-03,21:19:48,-07:00,2026-04-03T21:19:48-07:00,0,13
resume\index.html,2,html,9c81ffa4,raffid05,2026-04-03,21:19:48,-07:00,2026-04-03T21:19:48-07:00,0,14
resume\index.html,3,html,9c81ffa4,raffid05,2026-04-03,21:19:48,-07:00,2026-04-03T21:19:48-07:00,0,4
resume\index.html,4,html,9c81ffa4,raffid05,2026-04-03,21:19:48,-07:00,2026-04-03T21:19:48-07:00,1,20
resume\index.html,5,html,9c81ffa4,raffid05,2026-04-03,21:19:48,-07:00,2026-04-03T21:19:48-07:00,1,68
resume\index.html,6,html,9c81ffa4,raffid05,2026-04-03,21:19:48,-07:00,2026-04-03T21:19:48-07:00,1,41
resume\index.html,7,html,2ffe06a6,raffid05,2026-04-17,23:19:58,-07:00,2026-04-17T23:19:58-07:00,1,48
resume\index.html,8,html,9c81ffa4,raffid05,2026-04-03,21:19:48,-07:00,2026-04-03T21:19:48-07:00,1,33
resume\index.html,9,html,9c81ffa4,raffid05,2026-04-03,21:19:48,-07:00,2026-04-03T21:19:48-07:00,0,5
resume\index.html,10,html,9c81ffa4,raffid05,2026-04-03,21:19:48,-07:00,2026-04-03T21:19:48-07:00,0,4
resume\index.html,11,html,9c81ffa4,raffid05,2026-04-03,21:19:48,-07:00,2026-04-03T21:19:48-07:00,0,0
resume\index.html,12,html,9c81ffa4,raffid05,2026-04-03,21:19:48,-07:00,2026-04-03T21:19:48-07:00,1,13
resume\index.html,13,html,9c81ffa4,raffid05,2026-04-03,21:19:48,-07:00,2026-04-03T21:19:48-07:00,0,0
resume\index.html,14,html,9c81ffa4,raffid05,2026-04-03,21:19:48,-07:00,2026-04-03T21:19:48-07:00,1,7
resume\index.html,15,html,9c81ffa4,raffid05,2026-04-03,21:19:48,-07:00,2026-04-03T21:19:48-07:00,2,16
resume\index.html,16,html,9c81ffa4,raffid05,2026-04-03,21:19:48,-07:00,2026-04-03T21:19:48-07:00,0,0
resume\index.html,17,html,9c81ffa4,raffid05,2026-04-03,21:19:48,-07:00,2026-04-03T21:19:48-07:00,2,7
resume\index.html,18,html,9c81ffa4,raffid05,2026-04-03,21:19:48,-07:00,2026-04-03T21:19:48-07:00,3,6
resume\index.html,19,html,9c81ffa4,raffid05,2026-04-03,21:19:48,-07:00,2026-04-03T21:19:48-07:00,4,19
resume\index.html,20,html,9c81ffa4,raffid05,2026-04-03,21:19:48,-07:00,2026-04-03T21:19:48-07:00,4,39
resume\index.html,21,html,9c81ffa4,raffid05,2026-04-03,21:19:48,-07:00,2026-04-03T21:19:48-07:00,3,7
resume\index.html,22,html,9c81ffa4,raffid05,2026-04-03,21:19:48,-07:00,2026-04-03T21:19:48-07:00,3,95
resume\index.html,23,html,9c81ffa4,raffid05,2026-04-03,21:19:48,-07:00,2026-04-03T21:19:48-07:00,3,2
resume\index.html,24,html,9c81ffa4,raffid05,2026-04-03,21:19:48,-07:00,2026-04-03T21:19:48-07:00,4,72
resume\index.html,25,html,9c81ffa4,raffid05,2026-04-03,21:19:48,-07:00,2026-04-03T21:19:48-07:00,3,3
resume\index.html,26,html,9c81ffa4,raffid05,2026-04-03,21:19:48,-07:00,2026-04-03T21:19:48-07:00,2,8
resume\index.html,27,html,9c81ffa4,raffid05,2026-04-03,21:19:48,-07:00,2026-04-03T21:19:48-07:00,0,0
resume\index.html,28,html,9c81ffa4,raffid05,2026-04-03,21:19:48,-07:00,2026-04-03T21:19:48-07:00,1,8
resume\index.html,29,html,9c81ffa4,raffid05,2026-04-03,21:19:48,-07:00,2026-04-03T21:19:48-07:00,0,0
resume\index.html,30,html,9c81ffa4,raffid05,2026-04-03,21:19:48,-07:00,2026-04-03T21:19:48-07:00,1,7
resume\index.html,31,html,9c81ffa4,raffid05,2026-04-03,21:19:48,-07:00,2026-04-03T21:19:48-07:00,2,17
resume\index.html,32,html,9c81ffa4,raffid05,2026-04-03,21:19:48,-07:00,2026-04-03T21:19:48-07:00,0,0
resume\index.html,33,html,9c81ffa4,raffid05,2026-04-03,21:19:48,-07:00,2026-04-03T21:19:48-07:00,2,7
resume\index.html,34,html,9c81ffa4,raffid05,2026-04-03,21:19:48,-07:00,2026-04-03T21:19:48-07:00,3,6
resume\index.html,35,html,9c81ffa4,raffid05,2026-04-03,21:19:48,-07:00,2026-04-03T21:19:48-07:00,4,30
resume\index.html,36,html,9c81ffa4,raffid05,2026-04-03,21:19:48,-07:00,2026-04-03T21:19:48-07:00,4,17
resume\index.html,37,html,9c81ffa4,raffid05,2026-04-03,21:19:48,-07:00,2026-04-03T21:19:48-07:00,3,7
resume\index.html,38,html,9c81ffa4,raffid05,2026-04-03,21:19:48,-07:00,2026-04-03T21:19:48-07:00,3,96
resume\index.html,39,html,9c81ffa4,raffid05,2026-04-03,21:19:48,-07:00,2026-04-03T21:19:48-07:00,3,2
resume\index.html,40,html,9c81ffa4,raffid05,2026-04-03,21:19:48,-07:00,2026-04-03T21:19:48-07:00,4,26
resume\index.html,41,html,9c81ffa4,raffid05,2026-04-03,21:19:48,-07:00,2026-04-03T21:19:48-07:00,4,61
resume\index.html,42,html,9c81ffa4,raffid05,2026-04-03,21:19:48,-07:00,2026-04-03T21:19:48-07:00,3,3
resume\index.html,43,html,9c81ffa4,raffid05,2026-04-03,21:19:48,-07:00,2026-04-03T21:19:48-07:00,2,8
resume\index.html,44,html,9c81ffa4,raffid05,2026-04-03,21:19:48,-07:00,2026-04-03T21:19:48-07:00,0,0
resume\index.html,45,html,9c81ffa4,raffid05,2026-04-03,21:19:48,-07:00,2026-04-03T21:19:48-07:00,1,8
resume\index.html,46,html,9c81ffa4,raffid05,2026-04-03,21:19:48,-07:00,2026-04-03T21:19:48-07:00,0,0
resume\index.html,47,html,9c81ffa4,raffid05,2026-04-03,21:19:48,-07:00,2026-04-03T21:19:48-07:00,0,0
resume\index.html,48,html,9c81ffa4,raffid05,2026-04-03,21:19:48,-07:00,2026-04-03T21:19:48-07:00,1,7
resume\index.html,49,html,9c81ffa4,raffid05,2026-04-03,21:19:48,-07:00,2026-04-03T21:19:48-07:00,2,13
resume\index.html,50,html,9c81ffa4,raffid05,2026-04-03,21:19:48,-07:00,2026-04-03T21:19:48-07:00,2,2
resume\index.html,51,html,9c81ffa4,raffid05,2026-04-03,21:19:48,-07:00,2026-04-03T21:19:48-07:00,3,13
resume\index.html,52,html,9c81ffa4,raffid05,2026-04-03,21:19:48,-07:00,2026-04-03T21:19:48-07:00,3,8
resume\index.html,53,html,9c81ffa4,raffid05,2026-04-03,21:19:48,-07:00,2026-04-03T21:19:48-07:00,3,17
resume\index.html,54,html,9c81ffa4,raffid05,2026-04-03,21:19:48,-07:00,2026-04-03T21:19:48-07:00,3,10
resume\index.html,55,html,9c81ffa4,raffid05,2026-04-03,21:19:48,-07:00,2026-04-03T21:19:48-07:00,2,3
resume\index.html,56,html,9c81ffa4,raffid05,2026-04-03,21:19:48,-07:00,2026-04-03T21:19:48-07:00,1,8
resume\index.html,57,html,9c81ffa4,raffid05,2026-04-03,21:19:48,-07:00,2026-04-03T21:19:48-07:00,0,0
resume\index.html,58,html,90576ace,raffid05,2026-04-24,21:37:58,-07:00,2026-04-24T21:37:58-07:00,1,22
resume\index.html,59,html,90576ace,raffid05,2026-04-24,21:37:58,-07:00,2026-04-24T21:37:58-07:00,1,22
resume\index.html,60,html,90576ace,raffid05,2026-04-24,21:37:58,-07:00,2026-04-24T21:37:58-07:00,1,4
resume\index.html,61,html,90576ace,raffid05,2026-04-24,21:37:58,-07:00,2026-04-24T21:37:58-07:00,0,0
resume\index.html,62,html,9c81ffa4,raffid05,2026-04-03,21:19:48,-07:00,2026-04-03T21:19:48-07:00,0,5
resume\index.html,63,html,9c81ffa4,raffid05,2026-04-03,21:19:48,-07:00,2026-04-03T21:19:48-07:00,0,5
projects\projects.js,1,js,acbcf184,raffid05,2026-05-01,22:13:24,-07:00,2026-05-01T22:13:24-07:00,0,63
projects\projects.js,2,js,90576ace,raffid05,2026-04-24,21:37:58,-07:00,2026-04-24T21:37:58-07:00,0,55
projects\projects.js,3,js,90576ace,raffid05,2026-04-24,21:37:58,-07:00,2026-04-24T21:37:58-07:00,0,0
projects\projects.js,4,js,90576ace,raffid05,2026-04-24,21:37:58,-07:00,2026-04-24T21:37:58-07:00,0,55
projects\projects.js,5,js,90576ace,raffid05,2026-04-24,21:37:58,-07:00,2026-04-24T21:37:58-07:00,0,60
projects\projects.js,6,js,90576ace,raffid05,2026-04-24,21:37:58,-07:00,2026-04-24T21:37:58-07:00,0,0
projects\projects.js,7,js,90576ace,raffid05,2026-04-24,21:37:58,-07:00,2026-04-24T21:37:58-07:00,0,54
projects\projects.js,8,js,acbcf184,raffid05,2026-05-01,22:13:24,-07:00,2026-05-01T22:13:24-07:00,0,48
projects\projects.js,9,js,acbcf184,raffid05,2026-05-01,22:13:24,-07:00,2026-05-01T22:13:24-07:00,0,0
projects\projects.js,10,js,acbcf184,raffid05,2026-05-01,22:13:24,-07:00,2026-05-01T22:13:24-07:00,0,57
projects\projects.js,11,js,acbcf184,raffid05,2026-05-01,22:13:24,-07:00,2026-05-01T22:13:24-07:00,0,47
projects\projects.js,12,js,acbcf184,raffid05,2026-05-01,22:13:24,-07:00,2026-05-01T22:13:24-07:00,0,21
projects\projects.js,13,js,acbcf184,raffid05,2026-05-01,22:13:24,-07:00,2026-05-01T22:13:24-07:00,0,0
projects\projects.js,14,js,acbcf184,raffid05,2026-05-01,22:13:24,-07:00,2026-05-01T22:13:24-07:00,0,38
projects\projects.js,15,js,acbcf184,raffid05,2026-05-01,22:13:24,-07:00,2026-05-01T22:13:24-07:00,1,29
projects\projects.js,16,js,acbcf184,raffid05,2026-05-01,22:13:24,-07:00,2026-05-01T22:13:24-07:00,2,12
projects\projects.js,17,js,acbcf184,raffid05,2026-05-01,22:13:24,-07:00,2026-05-01T22:13:24-07:00,2,14
projects\projects.js,18,js,acbcf184,raffid05,2026-05-01,22:13:24,-07:00,2026-05-01T22:13:24-07:00,2,12
projects\projects.js,19,js,acbcf184,raffid05,2026-05-01,22:13:24,-07:00,2026-05-01T22:13:24-07:00,1,0
projects\projects.js,20,js,acbcf184,raffid05,2026-05-01,22:13:24,-07:00,2026-05-01T22:13:24-07:00,0,0
projects\projects.js,21,js,acbcf184,raffid05,2026-05-01,22:13:24,-07:00,2026-05-01T22:13:24-07:00,1,50
projects\projects.js,22,js,acbcf184,raffid05,2026-05-01,22:13:24,-07:00,2026-05-01T22:13:24-07:00,2,35
projects\projects.js,23,js,acbcf184,raffid05,2026-05-01,22:13:24,-07:00,2026-05-01T22:13:24-07:00,1,1
projects\projects.js,24,js,acbcf184,raffid05,2026-05-01,22:13:24,-07:00,2026-05-01T22:13:24-07:00,0,0
projects\projects.js,25,js,acbcf184,raffid05,2026-05-01,22:13:24,-07:00,2026-05-01T22:13:24-07:00,1,53
projects\projects.js,26,js,acbcf184,raffid05,2026-05-01,22:13:24,-07:00,2026-05-01T22:13:24-07:00,1,42
projects\projects.js,27,js,acbcf184,raffid05,2026-05-01,22:13:24,-07:00,2026-05-01T22:13:24-07:00,1,51
projects\projects.js,28,js,acbcf184,raffid05,2026-05-01,22:13:24,-07:00,2026-05-01T22:13:24-07:00,0,0
projects\projects.js,29,js,acbcf184,raffid05,2026-05-01,22:13:24,-07:00,2026-05-01T22:13:24-07:00,1,25
projects\projects.js,30,js,acbcf184,raffid05,2026-05-01,22:13:24,-07:00,2026-05-01T22:13:24-07:00,1,29
projects\projects.js,31,js,acbcf184,raffid05,2026-05-01,22:13:24,-07:00,2026-05-01T22:13:24-07:00,1,44
projects\projects.js,32,js,acbcf184,raffid05,2026-05-01,22:13:24,-07:00,2026-05-01T22:13:24-07:00,0,0
projects\projects.js,33,js,acbcf184,raffid05,2026-05-01,22:13:24,-07:00,2026-05-01T22:13:24-07:00,1,27
projects\projects.js,34,js,acbcf184,raffid05,2026-05-01,22:13:24,-07:00,2026-05-01T22:13:24-07:00,2,1
projects\projects.js,35,js,acbcf184,raffid05,2026-05-01,22:13:24,-07:00,2026-05-01T22:13:24-07:00,3,13
projects\projects.js,36,js,acbcf184,raffid05,2026-05-01,22:13:24,-07:00,2026-05-01T22:13:24-07:00,3,13
projects\projects.js,37,js,acbcf184,raffid05,2026-05-01,22:13:24,-07:00,2026-05-01T22:13:24-07:00,3,22
projects\projects.js,38,js,acbcf184,raffid05,2026-05-01,22:13:24,-07:00,2026-05-01T22:13:24-07:00,3,18
projects\projects.js,39,js,acbcf184,raffid05,2026-05-01,22:13:24,-07:00,2026-05-01T22:13:24-07:00,4,43
projects\projects.js,40,js,acbcf184,raffid05,2026-05-01,22:13:24,-07:00,2026-05-01T22:13:24-07:00,0,0
projects\projects.js,41,js,acbcf184,raffid05,2026-05-01,22:13:24,-07:00,2026-05-01T22:13:24-07:00,4,1
projects\projects.js,42,js,acbcf184,raffid05,2026-05-01,22:13:24,-07:00,2026-05-01T22:13:24-07:00,5,16
projects\projects.js,43,js,acbcf184,raffid05,2026-05-01,22:13:24,-07:00,2026-05-01T22:13:24-07:00,5,66
projects\projects.js,44,js,acbcf184,raffid05,2026-05-01,22:13:24,-07:00,2026-05-01T22:13:24-07:00,0,0
projects\projects.js,45,js,acbcf184,raffid05,2026-05-01,22:13:24,-07:00,2026-05-01T22:13:24-07:00,4,18
projects\projects.js,46,js,acbcf184,raffid05,2026-05-01,22:13:24,-07:00,2026-05-01T22:13:24-07:00,5,14
projects\projects.js,47,js,acbcf184,raffid05,2026-05-01,22:13:24,-07:00,2026-05-01T22:13:24-07:00,5,24
projects\projects.js,48,js,acbcf184,raffid05,2026-05-01,22:13:24,-07:00,2026-05-01T22:13:24-07:00,6,60
projects\projects.js,49,js,acbcf184,raffid05,2026-05-01,22:13:24,-07:00,2026-05-01T22:13:24-07:00,5,0
projects\projects.js,50,js,acbcf184,raffid05,2026-05-01,22:13:24,-07:00,2026-05-01T22:13:24-07:00,0,0
projects\projects.js,51,js,acbcf184,raffid05,2026-05-01,22:13:24,-07:00,2026-05-01T22:13:24-07:00,4,25
projects\projects.js,52,js,acbcf184,raffid05,2026-05-01,22:13:24,-07:00,2026-05-01T22:13:24-07:00,5,53
projects\projects.js,53,js,acbcf184,raffid05,2026-05-01,22:13:24,-07:00,2026-05-01T22:13:24-07:00,4,6
projects\projects.js,54,js,acbcf184,raffid05,2026-05-01,22:13:24,-07:00,2026-05-01T22:13:24-07:00,5,77
projects\projects.js,55,js,acbcf184,raffid05,2026-05-01,22:13:24,-07:00,2026-05-01T22:13:24-07:00,5,48
projects\projects.js,56,js,acbcf184,raffid05,2026-05-01,22:13:24,-07:00,2026-05-01T22:13:24-07:00,4,0
projects\projects.js,57,js,acbcf184,raffid05,2026-05-01,22:13:24,-07:00,2026-05-01T22:13:24-07:00,3,1
projects\projects.js,58,js,acbcf184,raffid05,2026-05-01,22:13:24,-07:00,2026-05-01T22:13:24-07:00,1,1
projects\projects.js,59,js,acbcf184,raffid05,2026-05-01,22:13:24,-07:00,2026-05-01T22:13:24-07:00,0,0
projects\projects.js,60,js,acbcf184,raffid05,2026-05-01,22:13:24,-07:00,2026-05-01T22:13:24-07:00,1,32
projects\projects.js,61,js,acbcf184,raffid05,2026-05-01,22:13:24,-07:00,2026-05-01T22:13:24-07:00,1,27
projects\projects.js,62,js,acbcf184,raffid05,2026-05-01,22:13:24,-07:00,2026-05-01T22:13:24-07:00,2,4
projects\projects.js,63,js,acbcf184,raffid05,2026-05-01,22:13:24,-07:00,2026-05-01T22:13:24-07:00,3,11
projects\projects.js,64,js,acbcf184,raffid05,2026-05-01,22:13:24,-07:00,2026-05-01T22:13:24-07:00,3,38
projects\projects.js,65,js,acbcf184,raffid05,2026-05-01,22:13:24,-07:00,2026-05-01T22:13:24-07:00,3,27
projects\projects.js,66,js,acbcf184,raffid05,2026-05-01,22:13:24,-07:00,2026-05-01T22:13:24-07:00,3,69
projects\projects.js,67,js,acbcf184,raffid05,2026-05-01,22:13:24,-07:00,2026-05-01T22:13:24-07:00,1,1
projects\projects.js,68,js,acbcf184,raffid05,2026-05-01,22:13:24,-07:00,2026-05-01T22:13:24-07:00,0,0
projects\projects.js,69,js,acbcf184,raffid05,2026-05-01,22:13:24,-07:00,2026-05-01T22:13:24-07:00,0,0
projects\projects.js,70,js,acbcf184,raffid05,2026-05-01,22:13:24,-07:00,2026-05-01T22:13:24-07:00,0,48
projects\projects.js,71,js,acbcf184,raffid05,2026-05-01,22:13:24,-07:00,2026-05-01T22:13:24-07:00,0,23
projects\projects.js,72,js,acbcf184,raffid05,2026-05-01,22:13:24,-07:00,2026-05-01T22:13:24-07:00,0,0
projects\projects.js,73,js,acbcf184,raffid05,2026-05-01,22:13:24,-07:00,2026-05-01T22:13:24-07:00,0,13
projects\projects.js,74,js,acbcf184,raffid05,2026-05-01,22:13:24,-07:00,2026-05-01T22:13:24-07:00,0,53
projects\projects.js,75,js,acbcf184,raffid05,2026-05-01,22:13:24,-07:00,2026-05-01T22:13:24-07:00,0,0
projects\projects.js,76,js,acbcf184,raffid05,2026-05-01,22:13:24,-07:00,2026-05-01T22:13:24-07:00,0,48
projects\projects.js,77,js,acbcf184,raffid05,2026-05-01,22:13:24,-07:00,2026-05-01T22:13:24-07:00,1,25
projects\projects.js,78,js,acbcf184,raffid05,2026-05-01,22:13:24,-07:00,2026-05-01T22:13:24-07:00,1,51
projects\projects.js,79,js,acbcf184,raffid05,2026-05-01,22:13:24,-07:00,2026-05-01T22:13:24-07:00,2,59
projects\projects.js,80,js,acbcf184,raffid05,2026-05-01,22:13:24,-07:00,2026-05-01T22:13:24-07:00,2,42
projects\projects.js,81,js,acbcf184,raffid05,2026-05-01,22:13:24,-07:00,2026-05-01T22:13:24-07:00,1,1
projects\projects.js,82,js,acbcf184,raffid05,2026-05-01,22:13:24,-07:00,2026-05-01T22:13:24-07:00,1,56
projects\projects.js,83,js,acbcf184,raffid05,2026-05-01,22:13:24,-07:00,2026-05-01T22:13:24-07:00,1,31
projects\projects.js,84,js,acbcf184,raffid05,2026-05-01,22:13:24,-07:00,2026-05-01T22:13:24-07:00,0,1
projects\index.html,1,html,9c81ffa4,raffid05,2026-04-03,21:19:48,-07:00,2026-04-03T21:19:48-07:00,0,13
projects\index.html,2,html,9c81ffa4,raffid05,2026-04-03,21:19:48,-07:00,2026-04-03T21:19:48-07:00,0,4
projects\index.html,3,html,9c81ffa4,raffid05,2026-04-03,21:19:48,-07:00,2026-04-03T21:19:48-07:00,1,4
projects\index.html,4,html,fde837b1,raffid05,2026-04-10,22:35:44,-07:00,2026-04-10T22:35:44-07:00,2,20
projects\index.html,5,html,fde837b1,raffid05,2026-04-10,22:35:44,-07:00,2026-04-10T22:35:44-07:00,2,68
projects\index.html,6,html,fde837b1,raffid05,2026-04-10,22:35:44,-07:00,2026-04-10T22:35:44-07:00,2,41
projects\index.html,7,html,90576ace,raffid05,2026-04-24,21:37:58,-07:00,2026-04-24T21:37:58-07:00,2,48
projects\index.html,8,html,90576ace,raffid05,2026-04-24,21:37:58,-07:00,2026-04-24T21:37:58-07:00,2,47
projects\index.html,9,html,9c81ffa4,raffid05,2026-04-03,21:19:48,-07:00,2026-04-03T21:19:48-07:00,2,21
projects\index.html,10,html,9c81ffa4,raffid05,2026-04-03,21:19:48,-07:00,2026-04-03T21:19:48-07:00,1,5
projects\index.html,11,html,9c81ffa4,raffid05,2026-04-03,21:19:48,-07:00,2026-04-03T21:19:48-07:00,1,4
projects\index.html,12,html,2ffe06a6,raffid05,2026-04-17,23:19:58,-07:00,2026-04-17T23:19:58-07:00,0,0
projects\index.html,13,html,9c81ffa4,raffid05,2026-04-03,21:19:48,-07:00,2026-04-03T21:19:48-07:00,0,0
projects\index.html,14,html,90576ace,raffid05,2026-04-24,21:37:58,-07:00,2026-04-24T21:37:58-07:00,2,38
projects\index.html,15,html,acbcf184,raffid05,2026-05-01,22:13:24,-07:00,2026-05-01T22:13:24-07:00,2,21
projects\index.html,16,html,acbcf184,raffid05,2026-05-01,22:13:24,-07:00,2026-05-01T22:13:24-07:00,3,58
projects\index.html,17,html,acbcf184,raffid05,2026-05-01,22:13:24,-07:00,2026-05-01T22:13:24-07:00,3,22
projects\index.html,18,html,acbcf184,raffid05,2026-05-01,22:13:24,-07:00,2026-05-01T22:13:24-07:00,2,4
projects\index.html,19,html,acbcf184,raffid05,2026-05-01,22:13:24,-07:00,2026-05-01T22:13:24-07:00,0,0
projects\index.html,20,html,acbcf184,raffid05,2026-05-01,22:13:24,-07:00,2026-05-01T22:13:24-07:00,2,4
projects\index.html,21,html,acbcf184,raffid05,2026-05-01,22:13:24,-07:00,2026-05-01T22:13:24-07:00,2,15
projects\index.html,22,html,acbcf184,raffid05,2026-05-01,22:13:24,-07:00,2026-05-01T22:13:24-07:00,2,11
projects\index.html,23,html,acbcf184,raffid05,2026-05-01,22:13:24,-07:00,2026-05-01T22:13:24-07:00,2,26
projects\index.html,24,html,acbcf184,raffid05,2026-05-01,22:13:24,-07:00,2026-05-01T22:13:24-07:00,2,31
projects\index.html,25,html,acbcf184,raffid05,2026-05-01,22:13:24,-07:00,2026-05-01T22:13:24-07:00,2,0
projects\index.html,26,html,acbcf184,raffid05,2026-05-01,22:13:24,-07:00,2026-05-01T22:13:24-07:00,0,0
projects\index.html,27,html,acbcf184,raffid05,2026-05-01,22:13:24,-07:00,2026-05-01T22:13:24-07:00,0,0
projects\index.html,28,html,fde837b1,raffid05,2026-04-10,22:35:44,-07:00,2026-04-10T22:35:44-07:00,2,20
projects\index.html,29,html,fde837b1,raffid05,2026-04-10,22:35:44,-07:00,2026-04-10T22:35:44-07:00,2,4
projects\index.html,30,html,fde837b1,raffid05,2026-04-10,22:35:44,-07:00,2026-04-10T22:35:44-07:00,2,0
projects\index.html,31,html,9c81ffa4,raffid05,2026-04-03,21:19:48,-07:00,2026-04-03T21:19:48-07:00,1,5
projects\index.html,32,html,9c81ffa4,raffid05,2026-04-03,21:19:48,-07:00,2026-04-03T21:19:48-07:00,0,5
contact\index.html,1,html,9c81ffa4,raffid05,2026-04-03,21:19:48,-07:00,2026-04-03T21:19:48-07:00,0,13
contact\index.html,2,html,9c81ffa4,raffid05,2026-04-03,21:19:48,-07:00,2026-04-03T21:19:48-07:00,0,4
contact\index.html,3,html,9c81ffa4,raffid05,2026-04-03,21:19:48,-07:00,2026-04-03T21:19:48-07:00,1,4
contact\index.html,4,html,fde837b1,raffid05,2026-04-10,22:35:44,-07:00,2026-04-10T22:35:44-07:00,2,20
contact\index.html,5,html,fde837b1,raffid05,2026-04-10,22:35:44,-07:00,2026-04-10T22:35:44-07:00,2,68
contact\index.html,6,html,fde837b1,raffid05,2026-04-10,22:35:44,-07:00,2026-04-10T22:35:44-07:00,2,41
contact\index.html,7,html,2ffe06a6,raffid05,2026-04-17,23:19:58,-07:00,2026-04-17T23:19:58-07:00,2,48
contact\index.html,8,html,9c81ffa4,raffid05,2026-04-03,21:19:48,-07:00,2026-04-03T21:19:48-07:00,2,20
contact\index.html,9,html,9c81ffa4,raffid05,2026-04-03,21:19:48,-07:00,2026-04-03T21:19:48-07:00,1,5
contact\index.html,10,html,9c81ffa4,raffid05,2026-04-03,21:19:48,-07:00,2026-04-03T21:19:48-07:00,1,4
contact\index.html,11,html,2ffe06a6,raffid05,2026-04-17,23:19:58,-07:00,2026-04-17T23:19:58-07:00,1,0
contact\index.html,12,html,9c81ffa4,raffid05,2026-04-03,21:19:48,-07:00,2026-04-03T21:19:48-07:00,0,0
contact\index.html,13,html,9c81ffa4,raffid05,2026-04-03,21:19:48,-07:00,2026-04-03T21:19:48-07:00,2,14
contact\index.html,14,html,9c81ffa4,raffid05,2026-04-03,21:19:48,-07:00,2026-04-03T21:19:48-07:00,0,0
contact\index.html,15,html,9c81ffa4,raffid05,2026-04-03,21:19:48,-07:00,2026-04-03T21:19:48-07:00,0,0
contact\index.html,16,html,9c81ffa4,raffid05,2026-04-03,21:19:48,-07:00,2026-04-03T21:19:48-07:00,2,76
contact\index.html,17,html,9c81ffa4,raffid05,2026-04-03,21:19:48,-07:00,2026-04-03T21:19:48-07:00,3,0
contact\index.html,18,html,9c81ffa4,raffid05,2026-04-03,21:19:48,-07:00,2026-04-03T21:19:48-07:00,3,10
contact\index.html,19,html,9c81ffa4,raffid05,2026-04-03,21:19:48,-07:00,2026-04-03T21:19:48-07:00,4,31
contact\index.html,20,html,9c81ffa4,raffid05,2026-04-03,21:19:48,-07:00,2026-04-03T21:19:48-07:00,3,6
contact\index.html,21,html,9c81ffa4,raffid05,2026-04-03,21:19:48,-07:00,2026-04-03T21:19:48-07:00,0,0
contact\index.html,22,html,9c81ffa4,raffid05,2026-04-03,21:19:48,-07:00,2026-04-03T21:19:48-07:00,3,12
contact\index.html,23,html,9c81ffa4,raffid05,2026-04-03,21:19:48,-07:00,2026-04-03T21:19:48-07:00,4,20
contact\index.html,24,html,9c81ffa4,raffid05,2026-04-03,21:19:48,-07:00,2026-04-03T21:19:48-07:00,3,6
contact\index.html,25,html,9c81ffa4,raffid05,2026-04-03,21:19:48,-07:00,2026-04-03T21:19:48-07:00,0,0
contact\index.html,26,html,9c81ffa4,raffid05,2026-04-03,21:19:48,-07:00,2026-04-03T21:19:48-07:00,3,12
contact\index.html,27,html,9c81ffa4,raffid05,2026-04-03,21:19:48,-07:00,2026-04-03T21:19:48-07:00,4,31
contact\index.html,28,html,9c81ffa4,raffid05,2026-04-03,21:19:48,-07:00,2026-04-03T21:19:48-07:00,3,6
contact\index.html,29,html,9c81ffa4,raffid05,2026-04-03,21:19:48,-07:00,2026-04-03T21:19:48-07:00,0,0
contact\index.html,30,html,9c81ffa4,raffid05,2026-04-03,21:19:48,-07:00,2026-04-03T21:19:48-07:00,3,19
contact\index.html,31,html,9c81ffa4,raffid05,2026-04-03,21:19:48,-07:00,2026-04-03T21:19:48-07:00,0,0
contact\index.html,32,html,9c81ffa4,raffid05,2026-04-03,21:19:48,-07:00,2026-04-03T21:19:48-07:00,2,5
contact\index.html,33,html,9c81ffa4,raffid05,2026-04-03,21:19:48,-07:00,2026-04-03T21:19:48-07:00,0,0
contact\index.html,34,html,9c81ffa4,raffid05,2026-04-03,21:19:48,-07:00,2026-04-03T21:19:48-07:00,1,5
contact\index.html,35,html,9c81ffa4,raffid05,2026-04-03,21:19:48,-07:00,2026-04-03T21:19:48-07:00,0,5
